model_type,inputs,outputs,activation,hidden_layer_sizes,learning_rate_init,test_f1,test_accuracy,test_roc_auc,val_f1,val_accuracy,val_roc_auc,train_f1,train_accuracy,train_roc_auc,run_time
MLP-Hyperopt,codon,dna,0,121,0.000738974719962916,0.993316195372751,0.993316195372751,0.999204423087755,0.998790078644888,0.998790078644888,0.999695480029425,0.999359316604378,0.999359316604378,0.999999464933875,0 days 00:04:38.313622
MLP-Hyperopt,amino,dna,1,88,0.00893728976781665,0.991773778920308,0.991773778920308,0.997929317796533,0.994555353901996,0.994555353901996,0.999656664704871,0.999786438868126,0.999786438868126,0.99999701978615,0 days 00:05:57.445144
MLP-Hyperopt,codon,kingdom,0,92,0.00043899499112253,0.932133676092545,0.932133676092545,0.994853621877271,0.947368421052632,0.947368421052632,0.993841723538488,0.995835557928457,0.995835557928457,0.99991330155781,0 days 00:09:27.743093
MLP-Hyperopt,amino,kingdom,2,144,0.00468495603347414,0.841645244215938,0.841645244215938,0.974279373144691,0.856624319419238,0.856624319419238,0.975503390801329,0.986438868126001,0.986438868126001,0.999711752192694,0 days 00:11:19.363628
